threshold,precision,recall,f1,flagged_rate,expected_cost_per_1000,tp,fp,fn,tn
0.01,0.0873780668046113,0.9827127659574468,0.16048645420489713,0.7517777777777778,697.6444444444444,1478,15437,26,5559
0.02,0.12379618280511294,0.9401595744680851,0.21878384651090824,0.5076444444444445,484.8,1414,10008,90,10988
0.03,0.14216394796613668,0.9155585106382979,0.24611260053619302,0.43048888888888887,425.73333333333335,1377,8309,127,12687
0.04,0.15195303680289005,0.8949468085106383,0.2597954062922216,0.39368888888888887,404.0888888888889,1346,7512,158,13484
0.05,0.18119364534134821,0.8417553191489362,0.298198092097515,0.31053333333333333,360.0444444444444,1266,5721,238,15275
0.06,0.2038623005877414,0.8071808510638298,0.32551280332484245,0.26466666666666666,339.6,1214,4741,290,16255
0.07,0.2038623005877414,0.8071808510638298,0.32551280332484245,0.26466666666666666,339.6,1214,4741,290,16255
0.08,0.22169271826153258,0.7732712765957447,0.3445925925925926,0.23315555555555556,333.02222222222224,1163,4083,341,16913
0.09,0.24701643773924792,0.7293882978723404,0.3690496215306981,0.1973777777777778,329.51111111111106,1097,3344,407,17652
0.1,0.27122641509433965,0.6881648936170213,0.3890977443609023,0.1696,332.0444444444444,1035,2781,469,18215
0.11,0.27122641509433965,0.6881648936170213,0.3890977443609023,0.1696,332.0444444444444,1035,2781,469,18215
0.12,0.31247942048073757,0.6309840425531915,0.41796961021801365,0.13497777777777778,339.4666666666667,949,2088,555,18908
0.13,0.31247942048073757,0.6309840425531915,0.41796961021801365,0.13497777777777778,339.4666666666667,949,2088,555,18908
0.14,0.3455824863174355,0.5877659574468085,0.43525356967011325,0.1136888888888889,349.9555555555556,884,1674,620,19322
0.15,0.3455824863174355,0.5877659574468085,0.43525356967011325,0.1136888888888889,349.9555555555556,884,1674,620,19322
0.16,0.3455824863174355,0.5877659574468085,0.43525356967011325,0.1136888888888889,349.9555555555556,884,1674,620,19322
0.17,0.36665211697948497,0.5585106382978723,0.4426877470355731,0.10182222222222222,359.59999999999997,840,1451,664,19545
0.18,0.36665211697948497,0.5585106382978723,0.4426877470355731,0.10182222222222222,359.59999999999997,840,1451,664,19545
0.19,0.36665211697948497,0.5585106382978723,0.4426877470355731,0.10182222222222222,359.59999999999997,840,1451,664,19545
0.2,0.397838394235718,0.5139627659574468,0.44850594720046416,0.08635555555555556,376.88888888888886,773,1170,731,19826
0.21,0.397838394235718,0.5139627659574468,0.44850594720046416,0.08635555555555556,376.88888888888886,773,1170,731,19826
0.22,0.397838394235718,0.5139627659574468,0.44850594720046416,0.08635555555555556,376.88888888888886,773,1170,731,19826
0.23,0.397838394235718,0.5139627659574468,0.44850594720046416,0.08635555555555556,376.88888888888886,773,1170,731,19826
0.24,0.397838394235718,0.5139627659574468,0.44850594720046416,0.08635555555555556,376.88888888888886,773,1170,731,19826
0.25,0.43517329910141206,0.4507978723404255,0.44284781188765515,0.06924444444444444,406.22222222222223,678,880,826,20116
0.26,0.43517329910141206,0.4507978723404255,0.44284781188765515,0.06924444444444444,406.22222222222223,678,880,826,20116
0.27,0.43517329910141206,0.4507978723404255,0.44284781188765515,0.06924444444444444,406.22222222222223,678,880,826,20116
0.28,0.44673539518900346,0.4321808510638298,0.43933761405880367,0.06466666666666666,415.3333333333333,650,805,854,20191
0.29,0.44673539518900346,0.4321808510638298,0.43933761405880367,0.06466666666666666,415.3333333333333,650,805,854,20191
0.3,0.44673539518900346,0.4321808510638298,0.43933761405880367,0.06466666666666666,415.3333333333333,650,805,854,20191
0.31,0.44673539518900346,0.4321808510638298,0.43933761405880367,0.06466666666666666,415.3333333333333,650,805,854,20191
0.32,0.44673539518900346,0.4321808510638298,0.43933761405880367,0.06466666666666666,415.3333333333333,650,805,854,20191
0.33,0.44673539518900346,0.4321808510638298,0.43933761405880367,0.06466666666666666,415.3333333333333,650,805,854,20191
0.34,0.44673539518900346,0.4321808510638298,0.43933761405880367,0.06466666666666666,415.3333333333333,650,805,854,20191
0.35000000000000003,0.5436507936507936,0.2732712765957447,0.363716814159292,0.0336,501.1111111111111,411,345,1093,20651
0.36,0.5436507936507936,0.2732712765957447,0.363716814159292,0.0336,501.1111111111111,411,345,1093,20651
0.37,0.5436507936507936,0.2732712765957447,0.363716814159292,0.0336,501.1111111111111,411,345,1093,20651
0.38,0.5436507936507936,0.2732712765957447,0.363716814159292,0.0336,501.1111111111111,411,345,1093,20651
0.39,0.5436507936507936,0.2732712765957447,0.363716814159292,0.0336,501.1111111111111,411,345,1093,20651
0.4,0.5436507936507936,0.2732712765957447,0.363716814159292,0.0336,501.1111111111111,411,345,1093,20651
0.41000000000000003,0.5436507936507936,0.2732712765957447,0.363716814159292,0.0336,501.1111111111111,411,345,1093,20651
0.42,0.5973534971644613,0.21010638297872342,0.3108706345302509,0.02351111111111111,537.4666666666667,316,213,1188,20783
0.43,0.5973534971644613,0.21010638297872342,0.3108706345302509,0.02351111111111111,537.4666666666667,316,213,1188,20783
0.44,0.6579634464751958,0.1675531914893617,0.2670906200317965,0.017022222222222223,562.2666666666667,252,131,1252,20865
0.45,0.6579634464751958,0.1675531914893617,0.2670906200317965,0.017022222222222223,562.2666666666667,252,131,1252,20865
0.46,0.6579634464751958,0.1675531914893617,0.2670906200317965,0.017022222222222223,562.2666666666667,252,131,1252,20865
0.47000000000000003,0.6579634464751958,0.1675531914893617,0.2670906200317965,0.017022222222222223,562.2666666666667,252,131,1252,20865
0.48,0.6579634464751958,0.1675531914893617,0.2670906200317965,0.017022222222222223,562.2666666666667,252,131,1252,20865
0.49,0.6579634464751958,0.1675531914893617,0.2670906200317965,0.017022222222222223,562.2666666666667,252,131,1252,20865
0.5,0.6579634464751958,0.1675531914893617,0.2670906200317965,0.017022222222222223,562.2666666666667,252,131,1252,20865
0.51,0.6784660766961652,0.1529255319148936,0.24959305480195335,0.015066666666666667,571.0666666666666,230,109,1274,20887
0.52,0.6784660766961652,0.1529255319148936,0.24959305480195335,0.015066666666666667,571.0666666666666,230,109,1274,20887
0.53,0.6784660766961652,0.1529255319148936,0.24959305480195335,0.015066666666666667,571.0666666666666,230,109,1274,20887
0.54,0.6784660766961652,0.1529255319148936,0.24959305480195335,0.015066666666666667,571.0666666666666,230,109,1274,20887
0.55,0.6784660766961652,0.1529255319148936,0.24959305480195335,0.015066666666666667,571.0666666666666,230,109,1274,20887
0.56,0.6784660766961652,0.1529255319148936,0.24959305480195335,0.015066666666666667,571.0666666666666,230,109,1274,20887
0.5700000000000001,0.6784660766961652,0.1529255319148936,0.24959305480195335,0.015066666666666667,571.0666666666666,230,109,1274,20887
0.58,0.6784660766961652,0.1529255319148936,0.24959305480195335,0.015066666666666667,571.0666666666666,230,109,1274,20887
0.59,0.726457399103139,0.1077127659574468,0.18760856977417487,0.009911111111111112,599.1555555555556,162,61,1342,20935
0.6,0.726457399103139,0.1077127659574468,0.18760856977417487,0.009911111111111112,599.1555555555556,162,61,1342,20935
0.61,0.7293577981651376,0.10571808510638298,0.18466898954703834,0.00968888888888889,600.4000000000001,159,59,1345,20937
0.62,0.7293577981651376,0.10571808510638298,0.18466898954703834,0.00968888888888889,600.4000000000001,159,59,1345,20937
0.63,0.7293577981651376,0.10571808510638298,0.18466898954703834,0.00968888888888889,600.4000000000001,159,59,1345,20937
0.64,0.7293577981651376,0.10571808510638298,0.18466898954703834,0.00968888888888889,600.4000000000001,159,59,1345,20937
0.65,0.7293577981651376,0.10571808510638298,0.18466898954703834,0.00968888888888889,600.4000000000001,159,59,1345,20937
0.66,0.7293577981651376,0.10571808510638298,0.18466898954703834,0.00968888888888889,600.4000000000001,159,59,1345,20937
0.67,0.7302325581395349,0.10438829787234043,0.18266433973240256,0.009555555555555555,601.2444444444445,157,58,1347,20938
0.68,0.7302325581395349,0.10438829787234043,0.18266433973240256,0.009555555555555555,601.2444444444445,157,58,1347,20938
0.6900000000000001,0.8108108108108109,0.0398936170212766,0.07604562737642585,0.003288888888888889,642.4,60,14,1444,20982
0.7000000000000001,0.8108108108108109,0.0398936170212766,0.07604562737642585,0.003288888888888889,642.4,60,14,1444,20982
0.71,0.8108108108108109,0.0398936170212766,0.07604562737642585,0.003288888888888889,642.4,60,14,1444,20982
0.72,0.8108108108108109,0.0398936170212766,0.07604562737642585,0.003288888888888889,642.4,60,14,1444,20982
0.73,0.8108108108108109,0.0398936170212766,0.07604562737642585,0.003288888888888889,642.4,60,14,1444,20982
0.74,0.8108108108108109,0.0398936170212766,0.07604562737642585,0.003288888888888889,642.4,60,14,1444,20982
0.75,0.8108108108108109,0.0398936170212766,0.07604562737642585,0.003288888888888889,642.4,60,14,1444,20982
0.76,0.8108108108108109,0.0398936170212766,0.07604562737642585,0.003288888888888889,642.4,60,14,1444,20982
0.77,0.8108108108108109,0.0398936170212766,0.07604562737642585,0.003288888888888889,642.4,60,14,1444,20982
0.78,0.8461538461538461,0.021941489361702128,0.04277381723914452,0.0017333333333333333,654.0444444444445,33,6,1471,20990
0.79,0.8461538461538461,0.021941489361702128,0.04277381723914452,0.0017333333333333333,654.0444444444445,33,6,1471,20990
0.8,0.8461538461538461,0.021941489361702128,0.04277381723914452,0.0017333333333333333,654.0444444444445,33,6,1471,20990
0.81,0.8461538461538461,0.021941489361702128,0.04277381723914452,0.0017333333333333333,654.0444444444445,33,6,1471,20990
0.8200000000000001,0.8461538461538461,0.021941489361702128,0.04277381723914452,0.0017333333333333333,654.0444444444445,33,6,1471,20990
0.8300000000000001,0.8461538461538461,0.021941489361702128,0.04277381723914452,0.0017333333333333333,654.0444444444445,33,6,1471,20990
0.84,0.8461538461538461,0.021941489361702128,0.04277381723914452,0.0017333333333333333,654.0444444444445,33,6,1471,20990
0.85,1.0,0.0006648936170212766,0.00132890365448505,4.4444444444444447e-05,668.0,1,0,1503,20996
0.86,1.0,0.0006648936170212766,0.00132890365448505,4.4444444444444447e-05,668.0,1,0,1503,20996
0.87,1.0,0.0006648936170212766,0.00132890365448505,4.4444444444444447e-05,668.0,1,0,1503,20996
0.88,1.0,0.0006648936170212766,0.00132890365448505,4.4444444444444447e-05,668.0,1,0,1503,20996
0.89,1.0,0.0006648936170212766,0.00132890365448505,4.4444444444444447e-05,668.0,1,0,1503,20996
0.9,1.0,0.0006648936170212766,0.00132890365448505,4.4444444444444447e-05,668.0,1,0,1503,20996
0.91,1.0,0.0006648936170212766,0.00132890365448505,4.4444444444444447e-05,668.0,1,0,1503,20996
0.92,1.0,0.0006648936170212766,0.00132890365448505,4.4444444444444447e-05,668.0,1,0,1503,20996
0.93,1.0,0.0006648936170212766,0.00132890365448505,4.4444444444444447e-05,668.0,1,0,1503,20996
0.9400000000000001,1.0,0.0006648936170212766,0.00132890365448505,4.4444444444444447e-05,668.0,1,0,1503,20996
0.9500000000000001,1.0,0.0006648936170212766,0.00132890365448505,4.4444444444444447e-05,668.0,1,0,1503,20996
0.96,1.0,0.0006648936170212766,0.00132890365448505,4.4444444444444447e-05,668.0,1,0,1503,20996
0.97,1.0,0.0006648936170212766,0.00132890365448505,4.4444444444444447e-05,668.0,1,0,1503,20996
0.98,1.0,0.0006648936170212766,0.00132890365448505,4.4444444444444447e-05,668.0,1,0,1503,20996
0.99,1.0,0.0006648936170212766,0.00132890365448505,4.4444444444444447e-05,668.0,1,0,1503,20996
